{
  "placebo_treatment": {
    "pass": true,
    "new_effect": 0.019367083430460282
  },
  "random_common_cause": {
    "pass": true,
    "shift": 0.00029225308554092777,
    "new_effect": 5.080877341224736
  },
  "data_subset": {
    "pass": true,
    "shift": 0.0028404163296595897,
    "new_effect": 5.077744671809535
  },
  "nde_sensitivity": {
    "pass": true,
    "range": 0.0
  },
  "nde_stats": {
    "mean": 2.973315704459935,
    "hdi50": [
      2.7623605601757406,
      3.1937061837129326
    ],
    "hdi94": [
      2.400962040450507,
      3.574857292978385
    ],
    "p_pos": 1.0
  },
  "nie_stats": {
    "mean": 2.2677365383495034,
    "hdi50": [
      2.1276370932093935,
      2.3809958123947124
    ],
    "hdi94": [
      1.9153622129711378,
      2.6335093818296893
    ],
    "p_pos": 1.0
  },
  "te_stats": {
    "mean": 5.241052242809439,
    "hdi50": [
      5.012164733680175,
      5.479969783008064
    ],
    "hdi94": [
      4.600969661347807,
      5.900487529414208
    ],
    "p_pos": 1.0
  },
  "prop_mediated": 0.43356941566976614,
  "diagnostics": {
    "rhat_max": 1.001,
    "ess_min": 5588.556,
    "divergences": 0
  }
}